SRM Location,State,Address,Coordinates
Arab15014,AL,9218 Hwy 231 Arab AL 35016,34°23'25.9"N 86°30'52.9"W
Cherokee Quarry71594,AL,40 Sutton Hill Road Cherokee AL 35616,34°44'22.6"N 88°03'31.9"W
Cullman15025,AL,112 County Road 1602 Cullman AL 35058,34°11'02.3"N 86°46'50.3"W
Decatur15006,AL,890 Old Trinity Road Decatur AL 35601,34°36'18.2"N 87°03'57.8"W
Decatur Harbor83006,AL,1030 State Docks Rd NW Decatur AL 35601,34°38'07.8"N 87°02'02.9"W
Huntsville Nick Fitcheard15008,AL,215 Export Circle Northwest Huntsville AL 35806,34°46'27.2"N 86°39'47.2"W
Huntsville Stringfield15007,AL,6206 Stringfield Road Huntsville AL 35806,34°47'05.6"N 86°38'21.9"W
Jackson Quarry71590,AL,801 Falling Leaf Road Jackson AL 36545,31°24'30.1"N 87°54'08.1"W
Lacey Spring15016,AL,181 Parks Chapel Road Laceys Spring AL 35754,34°33'35.1"N 86°34'29.1"W
Madison Block61500,AL,656 Palmer Road Madison AL 35758,34°41'19.9"N 86°46'46.0"W
Madison Greenbrier15013,AL,7923 Greenbrier Parkway Madison AL 35756,34°39'45.5"N 86°51'28.6"W
Madison Palmer15011,AL,250 Palmer Road Madison AL 35758,34°41'29.2"N 86°45'48.8"W
Muscle Shoals15019,AL,411 Sawmill Rd Leighton AL 35646,34°43'01.3"N 87°35'22.5"W
Russellville Quarry71591,AL,3043 County Road 43 Russellville AL 35654,34°31'10.0"N 87°31'18.4"W
Scottsboro15018,AL,27266 John T Reid Pkwy Scottsboro AL 35768,34°41'53.6"N 85°59'09.2"W
Martin Marietta,AL,6550 Stringfield Rd NW Huntsville AL 35806,34°46'58.0"N 86°38'34.7"W
Monteagle,TN,15878 Sewanee Hwy Sewanee TN 37375,35°13'01.6"N 85°52'11.7"W
Belmont,AL,720 Blue Ridge Rd Winfield AL 35594,33°56'49.2"N 87°46'44.9"W
ROGERS GROUP HSv,AL,151 Water Plant Dr Laceys Spring AL 35754,34°33'37.0"N 86°34'24.1"W
ROGERS GROUP TN,TN,331 Shelbyville Hwy Fayetteville TN 37334,35°11'08.2"N 86°33'56.6"W
Cowan,TN,100 Hollingshead Cement Rd Cowan TN 37318,35°09'34.6"N 86°00'20.2"W